,_id,user_id,action,date,session_id
0,671fe1ab4d084e1761224d56,o2l6utzr9y,Click on MENU_Actas del Concejo de Quito,2024-10-28T19:10:32.225Z,
1,671fe1bb4d084e1761224d57,o2l6utzr9y,Click on LEER_ resúmenes,2024-10-28T19:10:50.521Z,
2,671fe1be4d084e1761224d58,o2l6utzr9y,Click on MES_Agosto button,2024-10-28T19:10:53.627Z,
3,671fe1c34d084e1761224d59,o2l6utzr9y,Click on MES_Julio button,2024-10-28T19:10:58.801Z,
4,671fe1c44d084e1761224d5a,o2l6utzr9y,Click on MES_Junio button,2024-10-28T19:11:00.037Z,
5,671fe1c54d084e1761224d5b,o2l6utzr9y,Click on MES_Agosto button,2024-10-28T19:11:01.119Z,
6,671fe1c633f83f207ff07733,o2l6utzr9y,Click on RESUMEN_acta_077,2024-10-28T19:11:01.733Z,
7,671fe22a33f83f207ff07734,o2l6utzr9y,Click on PDF_acta_077,2024-10-28T19:12:41.612Z,
8,671feb2da0eae1fe68958dbf,o2l6utzr9y,Click on MES_Julio button,2024-10-28T19:51:08.328Z,
9,671feb2da0eae1fe68958dc0,o2l6utzr9y,Click on RESUMEN_acta_0076,2024-10-28T19:51:09.119Z,
10,671feb40f880af6557e537c9,o2l6utzr9y,Click on MES_Enero button,2024-10-28T19:51:27.388Z,
11,671feb41f880af6557e537ca,o2l6utzr9y,Click on RESUMEN_acta_046,2024-10-28T19:51:28.517Z,
12,67206b4ca97f33a8fa32562e,6n51ts6tudp,Click on LEER_ resúmenes,2024-10-29T04:57:46.992Z,
13,67206b52a97f33a8fa32562f,6n51ts6tudp,Click on MES_Agosto button,2024-10-29T04:57:54.305Z,
14,67206b63a97f33a8fa325630,6n51ts6tudp,Click on MES_Junio button,2024-10-29T04:58:11.757Z,
15,67206b64a97f33a8fa325631,6n51ts6tudp,Click on MES_Enero button,2024-10-29T04:58:12.701Z,
16,67206b65a97f33a8fa325632,6n51ts6tudp,Click on MES_Abril button,2024-10-29T04:58:13.798Z,
17,67206b67a97f33a8fa325633,6n51ts6tudp,Click on MES_Mayo button,2024-10-29T04:58:15.072Z,
18,67206b67a97f33a8fa325634,6n51ts6tudp,Click on MES_Agosto button,2024-10-29T04:58:15.882Z,
19,67206b69a97f33a8fa325635,6n51ts6tudp,Click on MES_Julio button,2024-10-29T04:58:17.239Z,
20,67206b6aa97f33a8fa325636,6n51ts6tudp,Click on MES_Junio button,2024-10-29T04:58:18.305Z,
21,67206b6ca97f33a8fa325637,6n51ts6tudp,Click on MES_Agosto button,2024-10-29T04:58:20.103Z,
22,67206b74a97f33a8fa325638,6n51ts6tudp,Click on MES_Mayo button,2024-10-29T04:58:28.092Z,
23,67206b75a97f33a8fa325639,6n51ts6tudp,Click on MES_Abril button,2024-10-29T04:58:29.194Z,
24,67206b76a97f33a8fa32563a,6n51ts6tudp,Click on MES_Julio button,2024-10-29T04:58:30.499Z,
25,67206b77a97f33a8fa32563b,6n51ts6tudp,Click on MES_Enero button,2024-10-29T04:58:31.901Z,
26,67206b7ba97f33a8fa32563c,6n51ts6tudp,Click on MES_Junio button,2024-10-29T04:58:35.516Z,
27,67206b7da97f33a8fa32563d,6n51ts6tudp,Click on MES_Agosto button,2024-10-29T04:58:36.985Z,
28,67206bcba97f33a8fa32563e,6n51ts6tudp,Click on MES_Julio button,2024-10-29T04:59:55.020Z,
29,67206c62a97f33a8fa32563f,6n51ts6tudp,Click on MES_Agosto button,2024-10-29T05:02:26.371Z,
30,67206c63a97f33a8fa325640,6n51ts6tudp,Click on MES_Abril button,2024-10-29T05:02:27.587Z,
31,67206c65a97f33a8fa325641,6n51ts6tudp,Click on MES_Enero button,2024-10-29T05:02:29.139Z,
32,67206c66a97f33a8fa325642,6n51ts6tudp,Click on MES_Junio button,2024-10-29T05:02:30.579Z,
33,67206c6aa97f33a8fa325643,6n51ts6tudp,Click on MES_Agosto button,2024-10-29T05:02:34.471Z,
34,67206c71a97f33a8fa325644,6n51ts6tudp,Click on MENU_Actas del Concejo de Quito,2024-10-29T05:02:41.214Z,
35,67206c75a97f33a8fa325645,6n51ts6tudp,Click on MENU_Actas del Concejo de Quito,2024-10-29T05:02:45.369Z,
36,67206c94a97f33a8fa325646,6n51ts6tudp,Click on MES_Mayo button,2024-10-29T05:03:16.105Z,
37,67206c95a97f33a8fa325647,6n51ts6tudp,Click on MES_Abril button,2024-10-29T05:03:17.613Z,
38,67206c98a97f33a8fa325648,6n51ts6tudp,Click on MES_Julio button,2024-10-29T05:03:20.778Z,
39,67206c9aa97f33a8fa325649,6n51ts6tudp,Click on MES_Junio button,2024-10-29T05:03:22.397Z,
40,67206c9ba97f33a8fa32564a,6n51ts6tudp,Click on MES_Enero button,2024-10-29T05:03:23.103Z,
41,67206cc0a97f33a8fa32564b,vkzz31h5ng8,Click on MENU_Actas del Concejo de Quito,2024-10-29T05:04:00.672Z,
42,67206cc40bf0bcaf64c85f47,vkzz31h5ng8,Click on MES_Agosto button,2024-10-29T05:04:04.223Z,
43,67206ce60bf0bcaf64c85f48,6n51ts6tudp,Click on MENU_Actas del Concejo de Quito,2024-10-29T05:04:38.151Z,
44,67206ce80bf0bcaf64c85f49,6n51ts6tudp,Click on MES_Agosto button,2024-10-29T05:04:40.776Z,
45,67206d330bf0bcaf64c85f4a,6n51ts6tudp,Click on MES_Agosto button,2024-10-29T05:05:55.294Z,
46,67206d340bf0bcaf64c85f4b,6n51ts6tudp,Click on MES_Agosto button,2024-10-29T05:05:56.186Z,
47,67206d350bf0bcaf64c85f4c,6n51ts6tudp,Click on RESUMEN_acta_077,2024-10-29T05:05:56.959Z,
48,67206e840bf0bcaf64c85f4d,6n51ts6tudp,Click on PDF_acta_077,2024-10-29T05:11:32.128Z,
49,67207a2e72f6ab798cc248cd,6n51ts6tudp,Click on MENU_Actas del Concejo de Quito,2024-10-29T06:01:15.871Z,
50,67207a2f72f6ab798cc248ce,6n51ts6tudp,Click on MES_Agosto button,2024-10-29T06:01:19.298Z,
51,67207a3572f6ab798cc248cf,6n51ts6tudp,Click on RESUMEN_acta_077,2024-10-29T06:01:25.448Z,
52,67207f9d0186e033bf0823d7,6n51ts6tudp,Click on MENU_Actas del Concejo de Quito,2024-10-29T06:24:26.743Z,
53,67207f9f0186e033bf0823d8,6n51ts6tudp,Click on MES_Agosto button,2024-10-29T06:24:31.042Z,
54,672080640186e033bf0823d9,6n51ts6tudp,Click on MES_Agosto button,2024-10-29T06:27:48.730Z,
55,672080650186e033bf0823da,6n51ts6tudp,Click on MES_Agosto button,2024-10-29T06:27:49.585Z,
56,6720806647aedc32a0498c41,6n51ts6tudp,Click on RESUMEN_acta_077,2024-10-29T06:27:50.754Z,
57,6720e90ff3f143d05ee81de3,avrc16wjuh,Click on LEER_ resúmenes,2024-10-29T13:54:21.607Z,
58,6720e926f3f143d05ee81de4,avrc16wjuh,Click on MES_Agosto button,2024-10-29T13:54:46.037Z,
59,6720e930f3f143d05ee81de5,avrc16wjuh,Click on RESUMEN_acta_077,2024-10-29T13:54:56.468Z,
60,6720e9aff3f143d05ee81de6,avrc16wjuh,Click on PDF_acta_077,2024-10-29T13:57:02.728Z,
61,6720ee8838aceebcefdf98d0,,Click on MENU_Actas del Concejo de Quito,2024-10-29T14:17:43.292Z,0d4f8akv8q18
62,6720ee8b38aceebcefdf98d1,,Click on MES_Agosto button,2024-10-29T14:17:47.276Z,0d4f8akv8q18
63,6720ee8b38aceebcefdf98d2,,Click on RESUMEN_acta_077,2024-10-29T14:17:47.930Z,0d4f8akv8q18
64,6720ee9538aceebcefdf98d4,,Click on MENU_Actas del Concejo de Quito,2024-10-29T14:17:57.024Z,0d4f8akv8q18
65,6720ee9638aceebcefdf98d5,,Click on MES_Enero button,2024-10-29T14:17:58.055Z,0d4f8akv8q18
66,6720ee9738aceebcefdf98d6,,Click on RESUMEN_acta_046,2024-10-29T14:17:59.482Z,0d4f8akv8q18
67,6720ef5f38aceebcefdf98d8,,Click on MENU_Actas del Concejo de Quito,2024-10-29T14:20:52.288Z,8f3ieshbbm8
68,6720ef92dbc6323dd029d18e,726mcpi7e5s,Click on MES_Agosto button,2024-10-29T14:22:08.606Z,
69,6720ef92dbc6323dd029d18f,726mcpi7e5s,Click on MES_Mayo button,2024-10-29T14:22:10.359Z,
70,6720ef94dbc6323dd029d190,726mcpi7e5s,Click on MES_Abril button,2024-10-29T14:22:11.665Z,
71,6720ef99dbc6323dd029d191,726mcpi7e5s,Click on MES_Agosto button,2024-10-29T14:22:16.870Z,
72,6720f054dbc6323dd029d192,726mcpi7e5s,Click on MES_Agosto button,2024-10-29T14:25:24.553Z,
73,6720f05ddbc6323dd029d193,726mcpi7e5s,Click on MES_Agosto button,2024-10-29T14:25:32.649Z,
74,6720f101dbc6323dd029d194,l114lx9uwxh,Click on MES_Agosto button,2024-10-29T14:28:17.392Z,
75,6720fa93c7331b3b937d75a6,2nrtphn925e,Click on MENU_Actas del Concejo de Quito,2024-10-29T15:09:05.283Z,
76,6720fa95c7331b3b937d75a7,2nrtphn925e,Click on MES_Agosto button,2024-10-29T15:09:08.854Z,
77,6720fa98c7331b3b937d75a8,2nrtphn925e,Click on MES_Julio button,2024-10-29T15:09:11.962Z,
78,6720fa9ac7331b3b937d75a9,2nrtphn925e,Click on MES_Agosto button,2024-10-29T15:09:14.688Z,
79,6720fa9cc7331b3b937d75aa,2nrtphn925e,Click on MES_Mayo button,2024-10-29T15:09:16.308Z,
80,6720fa9ec7331b3b937d75ab,2nrtphn925e,Click on MES_Abril button,2024-10-29T15:09:17.732Z,
81,6720fbc2c7331b3b937d75ac,2nrtphn925e,Click on MES_Agosto button,2024-10-29T15:14:09.479Z,
82,6720fbc3c7331b3b937d75ad,2nrtphn925e,Click on MES_Mayo button,2024-10-29T15:14:11.050Z,
83,6720fbc4c7331b3b937d75ae,2nrtphn925e,Click on MES_Abril button,2024-10-29T15:14:12.162Z,
84,6720fbc6c7331b3b937d75af,2nrtphn925e,Click on MES_Julio button,2024-10-29T15:14:13.946Z,
85,6720fbc7c7331b3b937d75b0,2nrtphn925e,Click on MES_Junio button,2024-10-29T15:14:14.944Z,
86,672101fdd3644034047420e3,vkzz31h5ng8,Click on MENU_Actas del Concejo de Quito,2024-10-29T15:40:42.966Z,
87,672101fed3644034047420e4,vkzz31h5ng8,Click on MES_Agosto button,2024-10-29T15:40:46.606Z,
88,67210201d3644034047420e5,vkzz31h5ng8,Click on MES_Mayo button,2024-10-29T15:40:48.734Z,
89,67210202d3644034047420e6,vkzz31h5ng8,Click on MES_Agosto button,2024-10-29T15:40:50.558Z,
90,67210204d3644034047420e7,vkzz31h5ng8,Click on MES_Julio button,2024-10-29T15:40:51.780Z,
91,67210207d3644034047420e8,vkzz31h5ng8,Click on MES_Enero button,2024-10-29T15:40:54.706Z,
92,6721020ad3644034047420e9,vkzz31h5ng8,Click on MES_Enero button,2024-10-29T15:40:58.602Z,
93,6721022ad90551a18720b29f,j9le4p72c2g,Click on MENU_Actas del Concejo de Quito,2024-10-29T15:41:29.879Z,
94,6721022bd90551a18720b2a0,j9le4p72c2g,Click on MES_Agosto button,2024-10-29T15:41:31.379Z,
95,6721022cd90551a18720b2a1,j9le4p72c2g,Click on MES_Agosto button,2024-10-29T15:41:32.283Z,
96,6721023f38aceebcefdf98d9,,Click on MENU_Actas del Concejo de Quito,2024-10-29T15:41:49.811Z,0d4f8akv8q18
97,6721024038aceebcefdf98da,,Click on MES_Agosto button,2024-10-29T15:41:52.373Z,0d4f8akv8q18
98,6721029138aceebcefdf98dd,,Click on MES_Agosto button,2024-10-29T15:43:10.667Z,0d4f8akv8q18
99,6721029138aceebcefdf98de,,Click on MES_Enero button,2024-10-29T15:43:12.817Z,0d4f8akv8q18
100,6721029438aceebcefdf98df,,Click on RESUMEN_acta_045,2024-10-29T15:43:16.635Z,0d4f8akv8q18
101,67212f7286031da7b63432bb,vkzz31h5ng8,Click on MENU_Actas del Concejo de Quito,2024-10-29T18:54:40.818Z,
102,67212f7786031da7b63432bc,vkzz31h5ng8,Click on MES_Enero button,2024-10-29T18:54:47.367Z,
103,67212f7f86031da7b63432bd,vkzz31h5ng8,Click on RESUMEN_acta_045,2024-10-29T18:54:55.186Z,
104,6721fbe9d99f1b22551d184b,vkzz31h5ng8,Click on MENU_Actas del Concejo de Quito,2024-10-30T09:27:03.284Z,
105,6721fbead99f1b22551d184c,vkzz31h5ng8,Click on MES_Enero button,2024-10-30T09:27:06.419Z,
106,6721fbeed99f1b22551d184d,vkzz31h5ng8,Click on RESUMEN_acta_045,2024-10-30T09:27:09.691Z,
107,6721ff0aa51ab3f701afc9fd,,Click on MENU_Actas del Concejo de Quito,2024-10-30T09:40:17.360Z,0d4f8akv8q18
108,6721ff0aa51ab3f701afc9fe,,Click on MENU_Actas del Concejo de Quito,2024-10-30T09:40:21.287Z,0d4f8akv8q18
109,6721ff0ea51ab3f701afc9ff,,Click on MES_Enero button,2024-10-30T09:40:30.358Z,0d4f8akv8q18
110,6721ff1fa51ab3f701afca01,,Click on RESUMEN_acta_045,2024-10-30T09:40:41.682Z,0d4f8akv8q18
111,6722088aa51ab3f701afca02,,Click on MES_Enero button,2024-10-30T10:20:58.309Z,0d4f8akv8q18
112,6722088ba51ab3f701afca03,,Click on RESUMEN_acta_045,2024-10-30T10:20:59.742Z,0d4f8akv8q18
113,6722090da51ab3f701afca05,,Click on MENU_Actas del Concejo de Quito,2024-10-30T10:23:06.755Z,0d4f8akv8q18
114,6722090ea51ab3f701afca06,,Click on MES_Enero button,2024-10-30T10:23:10.353Z,0d4f8akv8q18
115,6722090fa51ab3f701afca07,,Click on RESUMEN_acta_045,2024-10-30T10:23:11.239Z,0d4f8akv8q18
116,67220aeea51ab3f701afca08,,Click on MES_Enero button,2024-10-30T10:31:10.855Z,0d4f8akv8q18
117,67220af1a51ab3f701afca09,,Click on RESUMEN_acta_045,2024-10-30T10:31:13.469Z,0d4f8akv8q18
118,67220af7a51ab3f701afca0a,,Click on MES_Enero button,2024-10-30T10:31:19.801Z,0d4f8akv8q18
119,67220af8a51ab3f701afca0b,,Click on RESUMEN_acta_045,2024-10-30T10:31:20.664Z,0d4f8akv8q18
120,67220b10a51ab3f701afca0c,,Click on MENU_Actas del Concejo de Quito,2024-10-30T10:31:44.426Z,0d4f8akv8q18
121,67220b11a51ab3f701afca0d,,Click on MES_Enero button,2024-10-30T10:31:45.647Z,0d4f8akv8q18
122,67220b12a51ab3f701afca0e,,Click on RESUMEN_acta_045,2024-10-30T10:31:46.263Z,0d4f8akv8q18
123,67220b1ea51ab3f701afca0f,,Click on MES_Enero button,2024-10-30T10:31:58.698Z,0d4f8akv8q18
124,67220b1fa51ab3f701afca10,,Click on RESUMEN_acta_045,2024-10-30T10:31:59.503Z,0d4f8akv8q18
125,672231b69457369051baa5ab,,Click on MENU_Actas del Concejo de Quito,2024-10-30T13:16:35.995Z,vilmpewth9
126,672231b706c21207cadc6b94,,Click on MES_Enero button,2024-10-30T13:16:39.040Z,vilmpewth9
127,672231b806c21207cadc6b95,,Click on RESUMEN_acta_045,2024-10-30T13:16:40.157Z,vilmpewth9
128,672231c306c21207cadc6b96,,Click on MES_Enero button,2024-10-30T13:16:50.997Z,vilmpewth9
129,672231c406c21207cadc6b97,,Click on RESUMEN_acta_045,2024-10-30T13:16:51.776Z,vilmpewth9
130,672231d59dd3034f84eeb9a3,,Click on MES_Enero button,2024-10-30T13:17:08.534Z,vilmpewth9
131,672231d59dd3034f84eeb9a4,,Click on RESUMEN_acta_045,2024-10-30T13:17:09.140Z,vilmpewth9
132,67223528c74842b71a528f67,,Click on MENU_Actas del Concejo de Quito,2024-10-30T13:31:18.258Z,vilmpewth9
133,67223553c74842b71a528f68,,Click on MENU_Actas del Concejo de Quito,2024-10-30T13:32:02.332Z,vilmpewth9
134,67223554c74842b71a528f69,,Click on MES_Enero button,2024-10-30T13:32:03.523Z,vilmpewth9
135,6722355825f4b7c234170802,,Click on RESUMEN_acta_045,2024-10-30T13:32:05.681Z,vilmpewth9
136,67223854a67c6c8abdcb5b2d,,Click on MENU_Actas del Concejo de Quito,2024-10-30T13:44:49.990Z,vilmpewth9
137,67223855a67c6c8abdcb5b2e,,Click on MES_Enero button,2024-10-30T13:44:52.977Z,vilmpewth9
138,67223857a67c6c8abdcb5b2f,,Click on RESUMEN_acta_046,2024-10-30T13:44:54.464Z,vilmpewth9
139,67223cc05767c52c85b5af39,,Click on MES_Enero button,2024-10-30T14:03:44.076Z,vilmpewth9
140,67223cc15767c52c85b5af3a,,Click on RESUMEN_acta_046,2024-10-30T14:03:44.700Z,vilmpewth9
141,67223ff77f516cea8bff5fef,,Click on MENU_Actas del Concejo de Quito,2024-10-30T14:17:24.623Z,vilmpewth9
142,67223ff97f516cea8bff5ff0,,Click on MES_Marzo button,2024-10-30T14:17:28.465Z,vilmpewth9
143,67223ffd7f516cea8bff5ff1,,Click on MES_Marzo button,2024-10-30T14:17:33.216Z,vilmpewth9
144,67223ffe7f516cea8bff5ff2,,Click on MES_Febrero button,2024-10-30T14:17:34.191Z,vilmpewth9
145,672240007f516cea8bff5ff3,,Click on MES_Enero button,2024-10-30T14:17:35.389Z,vilmpewth9
146,672240017f516cea8bff5ff4,,Click on MES_Febrero button,2024-10-30T14:17:36.469Z,vilmpewth9
147,672240017f516cea8bff5ff5,,Click on MES_Marzo button,2024-10-30T14:17:36.965Z,vilmpewth9
148,672240077f516cea8bff5ff6,,Click on RESUMEN_acta_051,2024-10-30T14:17:42.748Z,vilmpewth9
149,67228cbecc96a9ae657b78ed,,Click on LEER_ resúmenes,2024-10-30T19:45:00.178Z,oalo2j1t4cb
150,67228cc0cc96a9ae657b78ee,,Click on MES_Enero button,2024-10-30T19:45:05.158Z,oalo2j1t4cb
151,67228cc2cc96a9ae657b78ef,,Click on RESUMEN_acta_045,2024-10-30T19:45:06.677Z,oalo2j1t4cb
152,67228cca6e123655b35977f8,,Click on PDF_acta_045,2024-10-30T19:45:15.158Z,oalo2j1t4cb
153,67228e676e123655b35977f9,,Click on LEER_ resúmenes,2024-10-30T19:52:09.473Z,t570865sqg
154,67228e6a6e123655b35977fa,,Click on MES_Enero button,2024-10-30T19:52:11.363Z,t570865sqg
155,67228e6b6e123655b35977fb,,Click on MES_Febrero button,2024-10-30T19:52:13.691Z,t570865sqg
156,67228e6d6e123655b35977fc,,Click on MES_Marzo button,2024-10-30T19:52:15.592Z,t570865sqg
157,67228e706e123655b35977fd,,Click on MES_Abril button,2024-10-30T19:52:18.832Z,t570865sqg
158,67228e746e123655b35977fe,,Click on MES_Mayo button,2024-10-30T19:52:22.547Z,t570865sqg
159,67228e776e123655b35977ff,,Click on MES_Junio button,2024-10-30T19:52:25.447Z,t570865sqg
160,67228e7a6e123655b3597800,,Click on MES_Julio button,2024-10-30T19:52:28.348Z,t570865sqg
161,67228e7b6e123655b3597801,,Click on MES_Agosto button,2024-10-30T19:52:29.755Z,t570865sqg
162,67228e7e6e123655b3597802,,Click on MES_Septiembre button,2024-10-30T19:52:32.657Z,t570865sqg
163,67228eec6e123655b3597803,,Click on MES_Agosto button,2024-10-30T19:54:23.008Z,t570865sqg
164,67228ef16e123655b3597804,,Click on MES_Abril button,2024-10-30T19:54:27.152Z,t570865sqg
165,67228ef56e123655b3597805,,Click on MES_Marzo button,2024-10-30T19:54:31.370Z,t570865sqg
166,67228f116e123655b3597806,,Click on LEER_ resúmenes,2024-10-30T19:54:57.616Z,oalo2j1t4cb
167,67228f136e123655b3597807,,Click on MES_Junio button,2024-10-30T19:54:59.424Z,oalo2j1t4cb
168,6723468394efb3c58911a243,,Click on MENU_Actas del Concejo de Quito,2024-10-31T08:57:36.598Z,vilmpewth9
169,6723468694efb3c58911a244,,Click on MES_Mayo button,2024-10-31T08:57:42.030Z,vilmpewth9
170,672346af94efb3c58911a245,,Click on MES_Agosto button,2024-10-31T08:58:22.116Z,vilmpewth9
171,672346b294efb3c58911a246,,Click on MES_Enero button,2024-10-31T08:58:25.626Z,vilmpewth9
172,672346b394efb3c58911a247,,Click on MES_Abril button,2024-10-31T08:58:26.642Z,vilmpewth9
173,672346dc94efb3c58911a248,,Click on MES_Enero button,2024-10-31T08:59:07.295Z,vilmpewth9
174,672347e994efb3c58911a249,,Click on MES_Febrero button,2024-10-31T09:03:36.600Z,vilmpewth9
175,672348052a205140476c1261,,Click on PDF_acta_048,2024-10-31T09:04:02.669Z,vilmpewth9
176,6723492a2a205140476c1262,,Click on PDF_acta_048,2024-10-31T09:08:57.458Z,vilmpewth9
177,672349715b9e4149888d1e12,,Click on MES_Enero button,2024-10-31T09:10:07.126Z,vilmpewth9
178,6723499f2a205140476c1263,,Click on MES_Febrero button,2024-10-31T09:10:54.902Z,vilmpewth9
179,672349a45b9e4149888d1e13,,Click on MES_Marzo button,2024-10-31T09:10:59.475Z,vilmpewth9
180,672349e25b9e4149888d1e14,,Click on MES_Abril button,2024-10-31T09:12:01.730Z,vilmpewth9
181,672349f65b9e4149888d1e15,,Click on MES_Mayo button,2024-10-31T09:12:21.259Z,vilmpewth9
182,67234a442a205140476c1264,,Click on MES_Junio button,2024-10-31T09:13:39.204Z,vilmpewth9
183,67234a742a205140476c1265,,Click on MES_Julio button,2024-10-31T09:14:27.854Z,vilmpewth9
184,67234ab85b9e4149888d1e16,,Click on MES_Agosto button,2024-10-31T09:15:35.140Z,vilmpewth9
185,67234d47874dc7dac74af973,,Click on MES_Agosto button,2024-10-31T09:26:30.971Z,vilmpewth9
186,67234e00874dc7dac74af974,,Click on MES_Septiembre button,2024-10-31T09:29:35.506Z,vilmpewth9
187,67234e8c874dc7dac74af975,,Click on MES_Septiembre button,2024-10-31T09:31:55.394Z,vilmpewth9
188,67234f84874dc7dac74af976,,Click on MES_Abril button,2024-10-31T09:36:03.479Z,vilmpewth9
189,67234faf874dc7dac74af977,,Click on MES_Marzo button,2024-10-31T09:36:46.894Z,vilmpewth9
190,67234fdd874dc7dac74af978,,Click on MES_Febrero button,2024-10-31T09:37:32.421Z,vilmpewth9
191,672351b2bae4efa11281a759,,Click on MES_Enero button,2024-10-31T09:45:19.461Z,vilmpewth9
192,672351b2bae4efa11281a75a,,Click on MES_Febrero button,2024-10-31T09:45:21.925Z,vilmpewth9
193,672351b4bae4efa11281a75b,,Click on MES_Marzo button,2024-10-31T09:45:24.007Z,vilmpewth9
194,672351babae4efa11281a75c,,Click on MES_Abril button,2024-10-31T09:45:29.679Z,vilmpewth9
195,672351bebae4efa11281a75d,,Click on MES_Mayo button,2024-10-31T09:45:33.132Z,vilmpewth9
196,672351dcbae4efa11281a75e,,Click on MES_Junio button,2024-10-31T09:46:03.861Z,vilmpewth9
197,672351eebae4efa11281a75f,,Click on MES_Junio button,2024-10-31T09:46:21.217Z,vilmpewth9
198,672351eef841a1414e4e004a,,Click on MES_Mayo button,2024-10-31T09:46:19.772Z,vilmpewth9
199,672351f4bae4efa11281a760,,Click on MES_Mayo button,2024-10-31T09:46:27.400Z,vilmpewth9
200,6723527cbae4efa11281a761,,Click on MES_Enero button,2024-10-31T09:48:43.630Z,vilmpewth9
201,6723527ef841a1414e4e004b,,Click on MES_Febrero button,2024-10-31T09:48:45.453Z,vilmpewth9
202,6723527fbae4efa11281a762,,Click on MES_Marzo button,2024-10-31T09:48:47.069Z,vilmpewth9
203,67235282bae4efa11281a763,,Click on MES_Abril button,2024-10-31T09:48:49.623Z,vilmpewth9
204,67235285bae4efa11281a764,,Click on MES_Mayo button,2024-10-31T09:48:52.943Z,vilmpewth9
205,67235288bae4efa11281a765,,Click on MES_Junio button,2024-10-31T09:48:55.725Z,vilmpewth9
206,6723528bbae4efa11281a766,,Click on MES_Julio button,2024-10-31T09:48:58.965Z,vilmpewth9
207,6723528dbae4efa11281a767,,Click on MES_Agosto button,2024-10-31T09:49:00.183Z,vilmpewth9
208,6723528fbae4efa11281a768,,Click on MES_Septiembre button,2024-10-31T09:49:02.538Z,vilmpewth9
209,67235292bae4efa11281a769,,Click on MES_Junio button,2024-10-31T09:49:05.728Z,vilmpewth9
210,672352edbae4efa11281a76a,,Click on MES_Agosto button,2024-10-31T09:50:36.125Z,vilmpewth9
211,672355c5222cf4791ad8f182,,Click on MES_Enero button,2024-10-31T10:02:42.373Z,vilmpewth9
212,672355c5222cf4791ad8f183,,Click on MES_Marzo button,2024-10-31T10:02:44.655Z,vilmpewth9
213,672355c5dae7ced155337f5a,,Click on MES_Febrero button,2024-10-31T10:02:43.537Z,vilmpewth9
214,672355cbdae7ced155337f5b,,Click on MES_Febrero button,2024-10-31T10:02:50.403Z,vilmpewth9
215,672355ccdae7ced155337f5c,,Click on MES_Enero button,2024-10-31T10:02:51.696Z,vilmpewth9
216,672355cedae7ced155337f5d,,Click on MES_Abril button,2024-10-31T10:02:53.273Z,vilmpewth9
217,6723573edae7ced155337f5e,,Click on MES_Enero button,2024-10-31T10:09:01.177Z,vilmpewth9
218,67235742dae7ced155337f5f,,Click on MES_Enero button,2024-10-31T10:09:05.567Z,vilmpewth9
219,67235747dae7ced155337f60,,Click on MES_Febrero button,2024-10-31T10:09:10.805Z,vilmpewth9
220,6723574adae7ced155337f61,,Click on MES_Marzo button,2024-10-31T10:09:14.055Z,vilmpewth9
221,6723574edae7ced155337f62,,Click on MES_Abril button,2024-10-31T10:09:17.152Z,vilmpewth9
222,67235751dae7ced155337f63,,Click on MES_Mayo button,2024-10-31T10:09:20.487Z,vilmpewth9
223,67235753dae7ced155337f64,,Click on MES_Junio button,2024-10-31T10:09:22.719Z,vilmpewth9
224,67235755dae7ced155337f65,,Click on MES_Julio button,2024-10-31T10:09:24.943Z,vilmpewth9
225,67235757dae7ced155337f66,,Click on MES_Agosto button,2024-10-31T10:09:26.198Z,vilmpewth9
226,67235759dae7ced155337f67,,Click on MES_Septiembre button,2024-10-31T10:09:28.395Z,vilmpewth9
227,67235788dae7ced155337f68,,Click on MES_Mayo button,2024-10-31T10:10:15.268Z,vilmpewth9
228,67235789dae7ced155337f69,,Click on MES_Abril button,2024-10-31T10:10:16.700Z,vilmpewth9
229,6723578bdae7ced155337f6a,,Click on MES_Marzo button,2024-10-31T10:10:18.387Z,vilmpewth9
230,6723578ddae7ced155337f6b,,Click on RESUMEN_acta_052,2024-10-31T10:10:20.933Z,vilmpewth9
231,672357a6a02fd4f01c18276f,,Click on PDF_acta_052,2024-10-31T10:10:45.964Z,vilmpewth9
232,67235ab58d3d79f822278dbe,,Click on MENU_Actas del Concejo de Quito,2024-10-31T10:23:47.219Z,vilmpewth9
233,67235ab78d3d79f822278dbf,,Click on MES_Marzo button,2024-10-31T10:23:50.651Z,vilmpewth9
234,67235ada8d3d79f822278dc0,,Click on MES_Marzo button,2024-10-31T10:24:25.693Z,vilmpewth9
235,67235ade8d3d79f822278dc1,,Click on RESUMEN_acta_052,2024-10-31T10:24:29.869Z,vilmpewth9
236,67235ec174b042a30552cda2,,Click on MES_Marzo button,2024-10-31T10:41:04.697Z,0d4f8akv8q18
237,67235ec574b042a30552cda3,,Click on RESUMEN_acta_052,2024-10-31T10:41:09.712Z,0d4f8akv8q18
238,67235ee274b042a30552cda5,,Click on PDF_acta_052,2024-10-31T10:41:38.804Z,0d4f8akv8q18
239,67235f2dc4ad9e126a87fe60,,Click on MES_Marzo button,2024-10-31T10:42:50.568Z,vilmpewth9
240,67235f51c4ad9e126a87fe61,,Click on MES_Febrero button,2024-10-31T10:43:28.079Z,vilmpewth9
241,67235f51c4ad9e126a87fe62,,Click on MES_Marzo button,2024-10-31T10:43:29.013Z,vilmpewth9
242,67235f56c4ad9e126a87fe63,,Click on MES_Marzo button,2024-10-31T10:43:33.589Z,vilmpewth9
243,67235f7374b042a30552cda6,,Click on MES_Marzo button,2024-10-31T10:44:03.524Z,0d4f8akv8q18
244,67235f7ceeea36aac7db94b7,,Click on MES_Marzo button,2024-10-31T10:44:11.950Z,vilmpewth9
245,67235f7feeea36aac7db94b8,,Click on RESUMEN_acta_052,2024-10-31T10:44:14.633Z,vilmpewth9
246,67235fe4245a66aa173c5eb7,,Click on MENU_Actas del Concejo de Quito,2024-10-31T10:45:55.586Z,vilmpewth9
247,67235ff388ffd50a3e5bd2f0,,Click on MES_Enero button,2024-10-31T10:46:10.032Z,vilmpewth9
248,67235ffd88ffd50a3e5bd2f1,,Click on PDF_acta_045,2024-10-31T10:46:20.226Z,vilmpewth9
249,6723600b88ffd50a3e5bd2f2,,Click on RESUMEN_acta_046,2024-10-31T10:46:34.734Z,vilmpewth9
250,6723600e88ffd50a3e5bd2f3,,Click on PDF_acta_046,2024-10-31T10:46:37.498Z,vilmpewth9
251,6723602588ffd50a3e5bd2f4,,Click on MES_Enero button,2024-10-31T10:47:00.921Z,vilmpewth9
252,6723602688ffd50a3e5bd2f5,,Click on RESUMEN_acta_047,2024-10-31T10:47:01.862Z,vilmpewth9
253,6723604088ffd50a3e5bd2f6,,Click on MENU_Actas del Concejo de Quito,2024-10-31T10:47:27.361Z,vilmpewth9
254,6723604588ffd50a3e5bd2f7,,Click on MES_Enero button,2024-10-31T10:47:32.890Z,vilmpewth9
255,6723604688ffd50a3e5bd2f8,,Click on MES_Febrero button,2024-10-31T10:47:34.040Z,vilmpewth9
256,6723609488ffd50a3e5bd2f9,,Click on PDF_acta_049,2024-10-31T10:48:51.104Z,vilmpewth9
257,672360b388ffd50a3e5bd2fa,,Click on PDF_acta_050,2024-10-31T10:49:22.730Z,vilmpewth9
258,672360d088ffd50a3e5bd2fb,,Click on MES_Marzo button,2024-10-31T10:49:51.456Z,vilmpewth9
259,672360d888ffd50a3e5bd2fc,,Click on PDF_acta_051,2024-10-31T10:49:59.527Z,vilmpewth9
260,672360ee88ffd50a3e5bd2fd,,Click on PDF_acta_052,2024-10-31T10:50:21.652Z,vilmpewth9
261,6723612b88ffd50a3e5bd2fe,,Click on MES_Abril button,2024-10-31T10:51:22.685Z,vilmpewth9
262,6723613188ffd50a3e5bd2ff,,Click on PDF_acta_055,2024-10-31T10:51:28.324Z,vilmpewth9
263,6723615288ffd50a3e5bd300,,Click on MES_Abril button,2024-10-31T10:52:02.066Z,vilmpewth9
264,672361584b975879ff99e299,,Click on RESUMEN_acta_056,2024-10-31T10:52:07.066Z,vilmpewth9
265,6723616188ffd50a3e5bd301,,Click on PDF_acta_054,2024-10-31T10:52:16.504Z,vilmpewth9
266,6723617a88ffd50a3e5bd302,,Click on PDF_acta_057,2024-10-31T10:52:41.826Z,vilmpewth9
267,672361b588ffd50a3e5bd303,,Click on PDF_acta_059,2024-10-31T10:53:40.462Z,vilmpewth9
268,672361c988ffd50a3e5bd304,,Click on MES_Mayo button,2024-10-31T10:54:00.318Z,vilmpewth9
269,672361cd88ffd50a3e5bd305,,Click on PDF_acta_060,2024-10-31T10:54:05.070Z,vilmpewth9
270,6723623788ffd50a3e5bd306,,Click on PDF_acta_063,2024-10-31T10:55:50.188Z,vilmpewth9
271,6723625a88ffd50a3e5bd307,,Click on PDF_acta_064,2024-10-31T10:56:25.911Z,vilmpewth9
272,6723626488ffd50a3e5bd308,,Click on MES_Junio button,2024-10-31T10:56:35.639Z,vilmpewth9
273,6723627388ffd50a3e5bd309,,Click on MES_Marzo button,2024-10-31T10:56:50.210Z,vilmpewth9
274,6723627a88ffd50a3e5bd30a,,Click on MES_Junio button,2024-10-31T10:56:57.242Z,vilmpewth9
275,672362884b975879ff99e29a,,Click on PDF_acta_066,2024-10-31T10:57:11.600Z,vilmpewth9
276,672367079133f07015286a1a,,Click on PDF_acta_068,2024-10-31T11:16:22.918Z,vilmpewth9
277,672367179133f07015286a1b,,Click on PDF_acta_070,2024-10-31T11:16:38.962Z,vilmpewth9
278,672367579133f07015286a1c,,Click on MES_Julio button,2024-10-31T11:17:42.209Z,vilmpewth9
279,6723675f9133f07015286a1d,,Click on PDF_acta_076,2024-10-31T11:17:50.126Z,vilmpewth9
280,672367a09133f07015286a1e,,Click on MES_Agosto button,2024-10-31T11:18:55.219Z,vilmpewth9
281,672367ba9133f07015286a1f,,Click on PDF_acta_0078,2024-10-31T11:19:21.495Z,vilmpewth9
282,672367cf9133f07015286a20,,Click on PDF_acta_076,2024-10-31T11:19:42.164Z,vilmpewth9
283,672367da9133f07015286a21,,Click on PDF_acta_0078,2024-10-31T11:19:53.375Z,vilmpewth9
284,672367e99133f07015286a22,,Click on PDF_acta_080,2024-10-31T11:20:08.331Z,vilmpewth9
285,672367fe9133f07015286a23,,Click on PDF_acta_081,2024-10-31T11:20:29.948Z,vilmpewth9
286,672368149133f07015286a24,,Click on MES_Septiembre button,2024-10-31T11:20:51.138Z,vilmpewth9
287,672368189133f07015286a25,,Click on PDF_acta_082,2024-10-31T11:20:55.907Z,vilmpewth9
288,672368249133f07015286a26,,Click on MES_Septiembre button,2024-10-31T11:21:07.423Z,vilmpewth9
289,672368259133f07015286a27,,Click on RESUMEN_acta_084,2024-10-31T11:21:08.409Z,vilmpewth9
290,6723682926971328fefed627,,Click on PDF_acta_084,2024-10-31T11:21:12.182Z,vilmpewth9
291,6723683d26971328fefed628,,Click on PDF_acta_086,2024-10-31T11:21:32.406Z,vilmpewth9
292,6723686626971328fefed629,,Click on PDF_acta_085,2024-10-31T11:22:13.150Z,vilmpewth9
293,6723687626971328fefed62a,,Click on PDF_acta_086,2024-10-31T11:22:29.938Z,vilmpewth9
294,6723688b26971328fefed62b,,Click on PDF_acta_085,2024-10-31T11:22:50.737Z,vilmpewth9
295,6723689c26971328fefed62c,,Click on MES_Agosto button,2024-10-31T11:23:07.790Z,vilmpewth9
296,6723696d26971328fefed62d,,Click on MES_Agosto button,2024-10-31T11:26:36.370Z,vilmpewth9
297,67236a8626971328fefed62e,,Click on MES_Mayo button,2024-10-31T11:31:17.601Z,vilmpewth9
298,67236a8b26971328fefed62f,,Click on PDF_acta_063,2024-10-31T11:31:22.544Z,vilmpewth9
299,67236aa126971328fefed630,,Click on MES_Marzo button,2024-10-31T11:31:44.270Z,vilmpewth9
300,67236aa726971328fefed631,,Click on PDF_acta_052,2024-10-31T11:31:50.207Z,vilmpewth9
301,672378572afa089222fa9f13,,Click on MES_Mayo button,2024-10-31T12:30:12.609Z,vilmpewth9
302,67237858426c40f1cbb4562f,,Click on RESUMEN_acta_063,2024-10-31T12:30:14.605Z,vilmpewth9
303,672389d974b042a30552cda8,,Click on MENU_Actas del Concejo de Quito,2024-10-31T13:44:55.813Z,0d4f8akv8q18
304,672389da74b042a30552cdaa,,Click on MES_Mayo button,2024-10-31T13:44:58.605Z,0d4f8akv8q18
305,672389dc74b042a30552cdab,,Click on RESUMEN_acta_064,2024-10-31T13:45:00.026Z,0d4f8akv8q18
306,67238a154fcf03fe3887c86e,,Click on MENU_Actas del Concejo de Quito,2024-10-31T13:45:54.411Z,vilmpewth9
307,67238a164fcf03fe3887c86f,,Click on MES_Mayo button,2024-10-31T13:45:58.009Z,vilmpewth9
308,67238a184fcf03fe3887c870,,Click on RESUMEN_acta_064,2024-10-31T13:45:59.184Z,vilmpewth9
309,67238b0174b042a30552cdac,,Click on MES_Mayo button,2024-10-31T13:49:53.670Z,0d4f8akv8q18
310,67238b3874b042a30552cdad,,Click on MES_Mayo button,2024-10-31T13:50:48.231Z,0d4f8akv8q18
311,67238b3a74b042a30552cdae,,Click on RESUMEN_acta_064,2024-10-31T13:50:50.153Z,0d4f8akv8q18
312,67238c6d8a28e57d6c385e10,,Click on MES_Mayo button,2024-10-31T13:55:56.610Z,vilmpewth9
313,67238c6e8a28e57d6c385e11,,Click on RESUMEN_acta_064,2024-10-31T13:55:57.379Z,vilmpewth9
314,672395fe3df9b296b0217e13,,Click on MES_Marzo button,2024-10-31T14:36:45.191Z,vilmpewth9
315,672396ef3df9b296b0217e14,,Click on MES_Marzo button,2024-10-31T14:40:46.255Z,vilmpewth9
316,672396f13df9b296b0217e15,,Click on RESUMEN_acta_052,2024-10-31T14:40:48.751Z,vilmpewth9
317,67249d76f70b45a383c8ed5b,,Click on MENU_Actas del Concejo de Quito,2024-11-01T09:20:52.158Z,vilmpewth9
318,67249d7bf70b45a383c8ed5c,,Click on MES_Mayo button,2024-11-01T09:20:59.070Z,vilmpewth9
319,67249d7ff70b45a383c8ed5d,,Click on MES_Enero button,2024-11-01T09:21:03.509Z,vilmpewth9
320,67249d81f70b45a383c8ed5e,,Click on MES_Febrero button,2024-11-01T09:21:05.555Z,vilmpewth9
321,67249d83f70b45a383c8ed5f,,Click on MES_Marzo button,2024-11-01T09:21:07.555Z,vilmpewth9
322,67249d86f70b45a383c8ed60,,Click on MES_Abril button,2024-11-01T09:21:10.226Z,vilmpewth9
323,67249d89f70b45a383c8ed61,,Click on MES_Mayo button,2024-11-01T09:21:12.868Z,vilmpewth9
324,67249d8bf70b45a383c8ed62,,Click on MES_Junio button,2024-11-01T09:21:15.438Z,vilmpewth9
325,67249d92f70b45a383c8ed63,,Click on MES_Marzo button,2024-11-01T09:21:22.478Z,vilmpewth9
326,67249d94f70b45a383c8ed64,,Click on MES_Julio button,2024-11-01T09:21:24.547Z,vilmpewth9
327,67249d96f70b45a383c8ed65,,Click on MES_Agosto button,2024-11-01T09:21:25.988Z,vilmpewth9
328,67249d98f70b45a383c8ed66,,Click on MES_Septiembre button,2024-11-01T09:21:28.257Z,vilmpewth9
329,67249d9bf70b45a383c8ed67,,Click on RESUMEN_acta_086,2024-11-01T09:21:31.160Z,vilmpewth9
330,67249db8f70b45a383c8ed68,,Click on PDF_acta_086,2024-11-01T09:21:59.836Z,vilmpewth9
331,67249decf70b45a383c8ed69,,Click on PDF_acta_086,2024-11-01T09:22:52.066Z,vilmpewth9
332,67249e11f70b45a383c8ed6a,,Click on PDF_acta_086,2024-11-01T09:23:28.827Z,vilmpewth9
333,67249e18f70b45a383c8ed6b,,Click on MES_Septiembre button,2024-11-01T09:23:36.752Z,vilmpewth9
334,67249e1bf70b45a383c8ed6c,,Click on RESUMEN_acta_086,2024-11-01T09:23:39.693Z,vilmpewth9
335,67249e22f70b45a383c8ed6d,,Click on PDF_acta_086,2024-11-01T09:23:46.123Z,vilmpewth9
336,67249e27f70b45a383c8ed6e,,Click on PDF_acta_086,2024-11-01T09:23:50.783Z,vilmpewth9
337,67249e3df70b45a383c8ed6f,,Click on PDF_acta_086,2024-11-01T09:24:13.131Z,vilmpewth9
